{
    "loss": 0.67521733045578,
    "accuracy": 0.8620689511299133
}